,subject_id
0,NDAREW661NZJ
1,NDARGD507TDZ
2,NDARKN509RP9
3,NDARBW268XPY
4,NDARLJ886BFK
5,NDARAP522AFK
6,NDARTC527WPZ
7,NDARCW963FP9
8,NDARKT811ATJ
9,NDARMF508PA2
10,NDARBK082PDD
11,NDARUY549PGQ
12,NDAREX065KJU
0,NDARFJ651RMJ
1,NDARHG906MEZ
2,NDARFC188VT4
3,NDARGC099LDZ
4,NDARER115FTJ
5,NDARBW525JHY
6,NDARRF415CBE
7,NDARHN482HPM
8,NDARUR872MP9
9,NDARCB142ZPB
10,NDARGH425GB9
11,NDARPV595RWB
12,NDARWT274EX1
13,NDARAU840EUZ
14,NDAREW074ZM2
15,NDARXR389XA1
16,NDARJT172UE0
17,NDARTK056HL3
18,NDARRG269ML2
19,NDARDN996CPF
20,NDARHW467TA8
21,NDARDU566NUY
22,NDARJK842BCN
23,NDARNV983DET
24,NDARFD213GMJ
25,NDARMR134HUY
26,NDARFK262EKF
27,NDARHX252NVH
28,NDAREA788ZAM
29,NDARTB300BN3
30,NDARUP441BKK
31,NDARWF259RB2
32,NDARYN474PEK
33,NDARVJ468UZC
34,NDARLY872ZXA
35,NDARYN857XMX
36,NDARTT867NWT
37,NDAREN999ERM
38,NDARLH043YDK
39,NDARVZ525AA0
40,NDARUY379PT5
41,NDAREB953UMY
42,NDARJJ216EGT
43,NDARAB055BPR
44,NDARGK442YHH
45,NDARBE912PB0
46,NDARTY533VXQ
47,NDARXK303DDB
48,NDARTV119WJK
49,NDARRN047XHC
50,NDARTW456RAG
51,NDARYD958HAX
52,NDARWT694TXM
53,NDARNE800DCT
54,NDARLV812JXX
55,NDARDZ440NGK
56,NDARXW276NXN
57,NDARWW174PA5
58,NDARAA947ZG5
59,NDARNK064DXY
0,NDARFN854EJB
1,NDARJW697MYZ
2,NDARHC357HLP
3,NDARWA570DNL
4,NDARGZ116HTR
5,NDARCV628NRY
6,NDARJW697MYZ
7,NDAREE543HYQ
8,NDARFP243NWY
9,NDARFZ990EFG
10,NDARCC824FCL
11,NDARPC301UWR
12,NDAREW531JV9
13,NDARVE980WU5
14,NDARGU067HT7
15,NDARKZ949UAL
16,NDARRU820CXW
17,NDARFD628UVZ
18,NDARUX818MGE
19,NDARAW247CCF
20,NDARMJ877UTP
21,NDARUK025ZFT
22,NDARRB561VCP
23,NDAREB303XDC
24,NDARTE115TAE
25,NDARZE389XF0
26,NDARNC489BX5
27,NDARMC694YF3
28,NDARLU529MP7
0,NDARMH364EMW
1,NDARHL684WYU
2,NDARFG118DW3
3,NDARHG594GKH
4,NDARHW575ZJ5
5,NDARVC716GEE
6,NDARKB421MTA
7,NDARTM501BT2
8,NDARDR595ZE5
9,NDARMT461DNB
10,NDARMZ477MNH
11,NDARWK983JFE
12,NDARBL042LWN
13,NDARNU770PM5
14,NDARXL023GFG
15,NDARTG396FGE
16,NDARTT667RKQ
17,NDARBM433VER
18,NDARUX086TVT
19,NDARKX371CJY
20,NDARGZ207NNA
21,NDARNY894TH7
22,NDAREW661NZJ
23,NDARGP984YLN
24,NDARAP522AFK
25,NDARCD296XU9
26,NDAREM609ZXW
27,NDARHT829KKB
28,NDARZA511FYF
29,NDARPK237YHD
30,NDARFX083RCV
31,NDARDR236FWH
32,NDARAN262WK6
0,NDARCD357CZR
1,NDARMU161LHN
2,NDARUX886JLM
3,NDARPW313LAJ
4,NDARKW521EMY
5,NDARKN509RP9
6,NDARRN444MJG
7,NDARFT881VT6
8,NDARLJ886BFK
9,NDARUN221VCJ
10,NDARBV059CGE
11,NDARMF508PA2
12,NDARCF247TDJ
13,NDARNV399BV4
14,NDARWV449GEM
15,NDARFG027BT5
16,NDARKA085YRG
17,NDARKT811ATJ
18,NDARKA627LF8
19,NDARCW071AU5
20,NDARUL224GN6
21,NDAREB093GH6
22,NDARDU986RBM
23,NDARRA717GYV
24,NDARKB547TCK
25,NDARCG073GZ6
26,NDARYZ693DE2
27,NDARNK055HVH
28,NDARWR732NZE
29,NDARBG831VK4
30,NDAREV601CE7
31,NDARJW373UE3
